Designator,Mid X,Mid Y,Rotation,Layer
BOOT1,315.868876,-37.597624,0.0,bottom
C1,40.23342,-31.68936,270.0,bottom
C10,309.6181,-74.506968,135.0,bottom
C11,322.119652,-57.540576,90.0,bottom
C12,306.046228,-74.655796,45.0,bottom
C13,306.733526,-70.235467,315.0,bottom
C14,303.962636,-56.201124,90.0,bottom
C15,307.38568,-56.201124,90.0,bottom
C16,308.427476,-56.201124,90.0,bottom
C2,34.329672,-29.779361,90.0,bottom
C3,305.004432,-56.201124,90.0,bottom
C4,305.541323,-70.118248,315.0,bottom
C5,302.220072,-56.201124,90.0,bottom
C6,302.220072,-59.630432,90.0,bottom
C7,312.59466,-60.070652,180.0,bottom
C8,313.636456,-67.809708,270.0,bottom
C9,300.837248,-62.749556,45.0,bottom
D1,28.482008,-26.19375,90.0,bottom
D10,199.931864,-26.19375,90.0,bottom
D11,208.458432,-26.19375,270.0,bottom
D12,237.331064,-21.82812,0.0,bottom
D13,257.081816,-26.19375,90.0,bottom
D14,276.1318,-26.19375,90.0,bottom
D15,295.181784,-26.19375,90.0,bottom
D16,318.994264,-26.19375,90.0,bottom
D17,38.794512,-49.807784,0.0,bottom
D18,57.844496,-49.807784,0.0,bottom
D19,76.89448,-49.807784,0.0,bottom
D2,47.531992,-26.19375,90.0,bottom
D20,95.944464,-49.807784,0.0,bottom
D21,114.994448,-49.807784,0.0,bottom
D22,134.044432,-49.807784,0.0,bottom
D23,153.094416,-49.807784,0.0,bottom
D24,172.1444,-49.807784,0.0,bottom
D25,191.194384,-49.807784,0.0,bottom
D26,208.756088,-43.259352,270.0,bottom
D27,224.531856,-49.807784,0.0,bottom
D28,243.58184,-49.807784,0.0,bottom
D29,257.081816,-45.24375,90.0,bottom
D3,66.581976,-26.19375,90.0,bottom
D30,276.1318,-45.24375,90.0,bottom
D31,295.181784,-45.24375,90.0,bottom
D32,318.994264,-50.00625,90.0,bottom
D33,41.49328,-68.857808,0.0,bottom
D35,67.687008,-69.155488,0.0,bottom
D36,86.717128,-69.155488,0.0,bottom
D37,105.786976,-69.155488,0.0,bottom
D38,124.83696,-69.155488,0.0,bottom
D39,143.886944,-69.155488,0.0,bottom
D4,85.63196,-26.19375,90.0,bottom
D40,162.936928,-69.155488,0.0,bottom
D41,181.986912,-69.155488,0.0,bottom
D42,201.017032,-69.155488,0.0,bottom
D43,220.08688,-69.155488,0.0,bottom
D44,241.498248,-69.155488,0.0,bottom
D45,257.081816,-64.29375,90.0,bottom
D46,276.1318,-64.29375,90.0,bottom
D47,295.181784,-64.29375,90.0,bottom
D48,36.71092,-87.907816,0.0,bottom
D49,60.5234,-87.907816,0.0,bottom
D5,104.681944,-26.19375,90.0,bottom
D50,71.239016,-84.335944,90.0,bottom
D52,86.717128,-84.335944,90.0,bottom
D54,122.435848,-84.335944,90.0,bottom
D55,161.84933,-83.34375,90.0,bottom
D56,180.89945,-83.34375,90.0,bottom
D57,205.779528,-87.907816,0.0,bottom
D58,224.829512,-87.907816,0.0,bottom
D59,245.367776,-86.717192,90.0,bottom
D6,123.731928,-26.19375,90.0,bottom
D60,248.04668,-86.717192,90.0,bottom
D61,276.1318,-83.34375,90.0,bottom
D62,295.181784,-83.34375,90.0,bottom
D63,314.231768,-83.34375,90.0,bottom
D7,142.781912,-26.19375,90.0,bottom
D8,161.831896,-26.19375,90.0,bottom
D9,180.88188,-26.19375,90.0,bottom
J1,46.996064,-32.53436,180.0,bottom
MX1,25.4,-25.4,0.0,bottom
MX10,196.85,-25.4,0.0,bottom
MX11,215.9,-25.4,180.0,bottom
MX12,234.95,-25.4,180.0,bottom
MX13,254.0,-25.4,0.0,bottom
MX14,273.05,-25.4,0.0,bottom
MX15,292.1,-25.4,0.0,bottom
MX16,315.9125,-25.4,0.0,bottom
MX17,25.4,-44.45,0.0,bottom
MX18,49.212472,-44.45004,180.0,bottom
MX19,63.5,-44.45,0.0,bottom
MX2,44.45,-25.4,0.0,bottom
MX20,82.55,-44.45,0.0,bottom
MX21,101.6,-44.45,0.0,bottom
MX22,120.65,-44.45,0.0,bottom
MX23,139.7,-44.45,0.0,bottom
MX24,158.75,-44.45,0.0,bottom
MX25,177.8,-44.45,0.0,bottom
MX26,196.85,-44.45,0.0,bottom
MX27,215.9,-44.45,180.0,bottom
MX28,234.95,-44.45,180.0,bottom
MX29,254.0,-44.45,0.0,bottom
MX3,63.5,-25.4,0.0,bottom
MX30,273.05,-44.45,0.0,bottom
MX31,292.1,-44.45,0.0,bottom
MX32,315.9125,-49.2125,0.0,bottom
MX33,30.182352,-63.500024,0.0,bottom
MX34,53.974968,-63.500048,0.0,bottom
MX35,73.024968,-63.500048,0.0,bottom
MX36,92.074952,-63.500048,0.0,bottom
MX37,111.124952,-63.500048,0.0,bottom
MX38,130.174952,-63.500048,0.0,bottom
MX39,149.224952,-63.500048,0.0,bottom
MX4,82.55,-25.4,0.0,bottom
MX40,168.274952,-63.500048,0.0,bottom
MX41,187.324952,-63.500048,0.0,bottom
MX42,206.374952,-63.500048,0.0,bottom
MX44,230.187336,-63.500024,0.0,bottom
MX45,254.0,-63.5,0.0,bottom
MX46,273.05,-63.5,0.0,bottom
MX47,292.1,-63.5,0.0,bottom
MX48,25.4,-82.55,0.0,bottom
MX49,27.78124,-82.550008,180.0,bottom
MX5,101.6,-25.4,0.0,bottom
MX50,44.45,-82.55,0.0,bottom
MX51,51.59372,-82.550008,180.0,bottom
MX52,63.5,-82.55,0.0,bottom
MX53,94.456184,-82.55,0.0,bottom
MX54,130.174904,-82.55,0.0,bottom
MX55,142.081144,-82.55,180.0,bottom
MX56,177.8,-82.55,0.0,bottom
MX57,196.85,-82.55,180.0,bottom
MX58,208.756088,-82.550008,0.0,bottom
MX59,215.9,-82.55,180.0,bottom
MX6,120.65,-25.4,0.0,bottom
MX60,232.568568,-82.550008,0.0,bottom
MX61,234.95,-82.55,180.0,bottom
MX62,254.0,-82.55,0.0,bottom
MX63,263.524792,-82.55,180.0,bottom
MX64,273.05,-82.55,0.0,bottom
MX65,292.1,-82.55,0.0,bottom
MX66,311.15,-82.55,0.0,bottom
MX68,225.424824,-25.399992,0.0,bottom
MX69,27.78124,-44.45,180.0,bottom
MX7,139.7,-25.4,0.0,bottom
MX70,44.45,-44.45,0.0,bottom
MX71,68.262456,-44.45,180.0,bottom
MX72,87.31244,-44.45,180.0,bottom
MX73,106.362424,-44.45,180.0,bottom
MX74,125.412408,-44.45,180.0,bottom
MX75,144.462392,-44.45,180.0,bottom
MX76,163.512376,-44.45,180.0,bottom
MX77,182.56236,-44.45,180.0,bottom
MX78,201.612344,-44.45,180.0,bottom
MX79,227.806072,-44.45,0.0,bottom
MX8,158.75,-25.4,0.0,bottom
MX80,32.543752,-63.500024,180.0,bottom
MX81,58.73748,-63.500024,180.0,bottom
MX82,77.787464,-63.500024,180.0,bottom
MX83,96.837448,-63.500024,180.0,bottom
MX84,115.887432,-63.500024,180.0,bottom
MX85,134.937416,-63.500024,180.0,bottom
MX86,153.9874,-63.500024,180.0,bottom
MX87,173.037384,-63.500024,180.0,bottom
MX88,192.087368,-63.500024,180.0,bottom
MX89,211.137352,-63.500024,180.0,bottom
MX9,177.8,-25.4,0.0,bottom
MX90,232.568584,-63.500024,180.0,bottom
R3,321.375512,-40.574184,180.0,bottom
R4,323.310276,-40.574184,180.0,bottom
R5,298.753656,-72.464384,270.0,bottom
R6,323.310276,-39.532388,180.0,bottom
R7,306.939196,-51.885112,270.0,bottom
R8,305.748572,-51.885112,270.0,bottom
R9,305.004432,-72.721032,135.0,bottom
RST1,292.1,-72.721032,0.0,bottom
U1,37.306232,-31.20936,0.0,bottom
U2,58.737464,-35.22264,90.0,bottom
U3,307.534508,-63.791352,90.0,bottom
U4,320.184888,-63.19604,0.0,bottom
Y1,307.980992,-72.86986,135.0,bottom
